{
  "bitcoinlib_test": {
    "provider": "bitcoinlibtest",
    "network": "bitcoinlib_test",
    "client_class": "BitcoinLibTestClient",
    "provider_coin_id": "",
    "url": "local",
    "api_key": "",
    "priority": 10,
    "denominator": 100000000,
    "network_overrides": null
  },
  "blockchaininfo": {
    "provider": "blockchaininfo",
    "network": "bitcoin",
    "client_class": "BlockchainInfoClient",
    "provider_coin_id": "",
    "url": "https://blockchain.info/",
    "api_key": "",
    "priority": 10,
    "denominator": 1,
    "network_overrides": null
  },
  "blockcypher": {
    "provider": "blockcypher",
    "network": "bitcoin",
    "client_class": "BlockCypher",
    "provider_coin_id": "",
    "url": "https://api.blockcypher.com/v1/btc/main/",
    "api_key": "",
    "priority": 10,
    "denominator": 1,
    "network_overrides": null
  },
  "bitgo": {
    "provider": "bitgo",
    "network": "bitcoin",
    "client_class": "BitGoClient",
    "provider_coin_id": "",
    "url": "https://www.bitgo.com/api/v1/",
    "api_key": "",
    "priority": 10,
    "denominator": 1,
    "network_overrides": null
  },
  "bitgo.testnet": {
    "provider": "bitgo",
    "network": "testnet",
    "client_class": "BitGoClient",
    "provider_coin_id": "",
    "url": "https://test.bitgo.com/api/v1/",
    "api_key": "",
    "priority": 10,
    "denominator": 1,
    "network_overrides": null
  },
  "coinfees": {
    "provider": "coinfees",
    "network": "bitcoin",
    "client_class": "CoinfeesClient",
    "provider_coin_id": "",
    "url": "https://bitcoinfees.earn.com/api/v1/",
    "api_key": "",
    "priority": 10,
    "denominator": 1,
    "network_overrides": null
  },
  "blockcypher.testnet": {
    "provider": "blockcypher",
    "network": "testnet",
    "client_class": "BlockCypher",
    "provider_coin_id": "",
    "url": "https://api.blockcypher.com/v1/btc/test3/",
    "api_key": "",
    "priority": 10,
    "denominator": 1,
    "network_overrides": null
  },
  "blockcypher.litecoin": {
    "provider": "blockcypher",
    "network": "litecoin",
    "client_class": "BlockCypher",
    "provider_coin_id": "",
    "url": "https://api.blockcypher.com/v1/ltc/main/",
    "api_key": "",
    "priority": 10,
    "denominator": 1,
    "network_overrides": {"prefix_address_p2sh": "05"}
  },
  "blockcypher.litecoin.legacy": {
    "provider": "blockcypher",
    "network": "litecoin_legacy",
    "client_class": "BlockCypher",
    "provider_coin_id": "",
    "url": "https://api.blockcypher.com/v1/ltc/main/",
    "api_key": "",
    "priority": 10,
    "denominator": 1,
    "network_overrides": null
  },
  "cryptoid.litecoin": {
    "provider": "cryptoid",
    "network": "litecoin",
    "client_class": "CryptoID",
    "provider_coin_id": "ltc",
    "url": "https://chainz.cryptoid.info/",
    "api_key": "",
    "priority": 10,
    "denominator": 100000000,
    "network_overrides": null
  },
  "cryptoid.litecoin.legacy": {
    "provider": "cryptoid",
    "network": "litecoin_legacy",
    "client_class": "CryptoID",
    "provider_coin_id": "ltc",
    "url": "https://chainz.cryptoid.info/",
    "api_key": "",
    "priority": 10,
    "denominator": 100000000,
    "network_overrides": {"prefix_address_p2sh": "32"}
  },
  "cryptoid.dash": {
    "provider": "cryptoid",
    "network": "dash",
    "client_class": "CryptoID",
    "provider_coin_id": "dash",
    "url": "https://chainz.cryptoid.info/",
    "api_key": "",
    "priority": 10,
    "denominator": 100000000,
    "network_overrides": null
  },
  "litecoreio.litecoin": {
    "provider": "litecoreio",
    "network": "litecoin",
    "client_class": "LitecoreIOClient",
    "provider_coin_id": "",
    "url": "https://insight.litecore.io/api/",
    "api_key": "",
    "priority": 10,
    "denominator": 100000000,
    "network_overrides": null
  },
  "litecoreio.litecoin.legacy": {
    "provider": "litecoreio",
    "network": "litecoin_legacy",
    "client_class": "LitecoreIOClient",
    "provider_coin_id": "",
    "url": "https://insight.litecore.io/api/",
    "api_key": "",
    "priority": 10,
    "denominator": 100000000,
    "network_overrides": {"prefix_address_p2sh": "32"}
  },
  "litecoreio.litecoin.testnet": {
    "provider": "litecoreio",
    "network": "litecoin_testnet",
    "client_class": "LitecoreIOClient",
    "provider_coin_id": "",
    "url": "https://testnet.litecore.io/api/",
    "api_key": "",
    "priority": 10,
    "denominator": 100000000,
    "network_overrides": null
  },
  "blockchair": {
    "provider": "blockchair",
    "network": "bitcoin",
    "client_class": "BlockChairClient",
    "provider_coin_id": "",
    "url": "https://api.blockchair.com/bitcoin/",
    "api_key": "",
    "priority": 10,
    "denominator": 100000000,
    "network_overrides": null
  },
  "bitaps": {
    "provider": "bitaps",
    "network": "bitcoin",
    "client_class": "BitapsClient",
    "provider_coin_id": "",
    "url": "https://api.bitaps.com/btc/v1/",
    "api_key": "",
    "priority": 10,
    "denominator": 100000000,
    "network_overrides": null
  },
  "bitaps.testnet": {
    "provider": "bitaps",
    "network": "testnet",
    "client_class": "BitapsClient",
    "provider_coin_id": "",
    "url": "https://api.bitaps.com/btc/testnet/v1/",
    "api_key": "",
    "priority": 10,
    "denominator": 100000000,
    "network_overrides": null
  },
  "bitaps.litecoin": {
    "provider": "bitaps",
    "network": "litecoin",
    "client_class": "BitapsClient",
    "provider_coin_id": "",
    "url": "https://api.bitaps.com/ltc/v1/",
    "api_key": "",
    "priority": 10,
    "denominator": 100000000,
    "network_overrides": null
  },
  "bitaps.litecoin.legacy": {
    "provider": "bitaps",
    "network": "litecoin_legacy",
    "client_class": "BitapsClient",
    "provider_coin_id": "",
    "url": "https://api.bitaps.com/ltc/v1/",
    "api_key": "",
    "priority": 10,
    "denominator": 100000000,
    "network_overrides": null
  },
  "bitaps.litecoin.testnet": {
    "provider": "bitaps",
    "network": "litecoin_testnet",
    "client_class": "BitapsClient",
    "provider_coin_id": "",
    "url": "https://api.bitaps.com/ltc/testnet/v1/",
    "api_key": "",
    "priority": 10,
    "denominator": 100000000,
    "network_overrides": null
  },
  "litecoinblockexplorer.litecoin": {
    "provider": "litecoinblockexplorer",
    "network": "litecoin",
    "client_class": "LitecoinBlockexplorerClient",
    "provider_coin_id": "",
    "url": "https://litecoinblockexplorer.net/api/",
    "api_key": "",
    "priority": 10,
    "denominator": 100000000,
    "network_overrides": null
  },
  "litecoinblockexplorer.litecoin.legacy": {
    "provider": "litecoinblockexplorer",
    "network": "litecoin_legacy",
    "client_class": "LitecoinBlockexplorerClient",
    "provider_coin_id": "",
    "url": "https://litecoinblockexplorer.net/api/",
    "api_key": "",
    "priority": 10,
    "denominator": 100000000,
    "network_overrides": null
  },
  "insightdash": {
    "provider": "insightdash",
    "network": "dash",
    "client_class": "InsightDashClient",
    "provider_coin_id": "",
    "url": "https://insight.dash.org/api/",
    "api_key": "",
    "priority": 10,
    "denominator": 100000000,
    "network_overrides": null
  },
  "smartbit": {
    "provider": "smartbit",
    "network": "bitcoin",
    "client_class": "SmartbitClient",
    "provider_coin_id": "",
    "url": "https://api.smartbit.com.au/v1/",
    "api_key": "",
    "priority": 10,
    "denominator": 100000000,
    "network_overrides": null
  },
  "smartbit.testnet": {
    "provider": "smartbit",
    "network": "testnet",
    "client_class": "SmartbitClient",
    "provider_coin_id": "",
    "url": "https://testnet-api.smartbit.com.au/v1/",
    "api_key": "",
    "priority": 10,
    "denominator": 100000000,
    "network_overrides": null
  },
  "blockstream": {
    "provider": "blockstream",
    "network": "bitcoin",
    "client_class": "BlockstreamClient",
    "provider_coin_id": "",
    "url": "https://blockstream.info/api/",
    "api_key": "",
    "priority": 10,
    "denominator": 100000000,
    "network_overrides": null
  },
  "blockstream.testnet": {
    "provider": "blockstream",
    "network": "testnet",
    "client_class": "BlockstreamClient",
    "provider_coin_id": "",
    "url": "https://blockstream.info/testnet/api/",
    "api_key": "",
    "priority": 10,
    "denominator": 100000000,
    "network_overrides": null
  },
  "groestlcoinesplora": {
    "provider": "groestlcoinesplora",
    "network": "groestlcoin",
    "client_class": "GroestlcoinEsploraClient",
    "provider_coin_id": "",
    "url": "https://esplora.groestlcoin.org/api/",
    "api_key": "",
    "priority": 10,
    "denominator": 100000000,
    "network_overrides": null
  },
  "groestlcoinesplora.testnet": {
    "provider": "groestlcoinesplora",
    "network": "groestlcoin_testnet",
    "client_class": "GroestlcoinEsploraClient",
    "provider_coin_id": "",
    "url": "https://esplora.groestlcoin.org/testnet/api/",
    "api_key": "",
    "priority": 10,
    "denominator": 100000000,
    "network_overrides": null
  },
  "groestlsight": {
    "provider": "groestlsight",
    "network": "groestlcoin",
    "client_class": "GroestlsightClient",
    "provider_coin_id": "",
    "url": "https://groestlsight.groestlcoin.org/api/",
    "api_key": "",
    "priority": 10,
    "denominator": 100000000,
    "network_overrides": null
  },
  "groestlsight.testnet": {
    "provider": "groestlsight",
    "network": "groestlcoin_testnet",
    "client_class": "GroestlsightClient",
    "provider_coin_id": "",
    "url": "https://groestlsight-test.groestlcoin.org/api/",
    "api_key": "",
    "priority": 10,
    "denominator": 100000000,
    "network_overrides": null
  },
  "cryptoid.groestlcoin": {
    "provider": "cryptoid",
    "network": "groestlcoin",
    "client_class": "CryptoID",
    "provider_coin_id": "grs",
    "url": "https://chainz.cryptoid.info/",
    "api_key": "",
    "priority": 10,
    "denominator": 100000000,
    "network_overrides": null
  },
  "cryptoid.groestlcoin.testnet": {
    "provider": "cryptoid",
    "network": "groestlcoin_testnet",
    "client_class": "CryptoID",
    "provider_coin_id": "grs-test",
    "url": "https://chainz.cryptoid.info/",
    "api_key": "",
    "priority": 10,
    "denominator": 100000000,
    "network_overrides": null
  }
}
